{
  "version": 1,
  "author": "Dhruv S Kumar,",
  "editor": "wokwi",
  "parts": [
    {
      "type": "wokwi-pi-pico",
      "id": "pico",
      "top": 44.85,
      "left": -25.2,
      "attrs": { "env": "micropython-20231227-v1.22.0" }
    },
    { "type": "wokwi-potentiometer", "id": "pot1", "top": -58.9, "left": -182.6, "attrs": {} },
    { "type": "wokwi-potentiometer", "id": "pot2", "top": -78.1, "left": -38.6, "attrs": {} },
    { "type": "wokwi-led", "id": "led1", "top": -90, "left": -303.4, "attrs": { "color": "red" } },
    {
      "type": "wokwi-resistor",
      "id": "r1",
      "top": 23.15,
      "left": -278.4,
      "attrs": { "value": "220" }
    },
    {
      "type": "wokwi-led",
      "id": "led2",
      "top": -51.6,
      "left": 109.4,
      "attrs": { "color": "yellow" }
    },
    {
      "type": "wokwi-resistor",
      "id": "r2",
      "top": 24,
      "left": 95.45,
      "rotate": 90,
      "attrs": { "value": "220" }
    }
  ],
  "connections": [
    [ "pot1:GND", "pico:GND.4", "black", [ "v0" ] ],
    [ "pot1:VCC", "pico:3V3", "red", [ "v0" ] ],
    [ "pot1:SIG", "pico:GP26", "green", [ "v0" ] ],
    [ "pot2:GND", "pico:GND.3", "black", [ "v0" ] ],
    [ "pot2:SIG", "pico:GP27", "cyan", [ "v0" ] ],
    [ "pot2:VCC", "pico:3V3", "red", [ "v0" ] ],
    [ "led1:A", "pico:GP0", "green", [ "v0" ] ],
    [ "led1:C", "r1:1", "green", [ "v0" ] ],
    [ "r1:2", "pico:GND.5", "green", [ "v0" ] ],
    [ "led2:A", "pico:GP1", "green", [ "v0" ] ],
    [ "led2:C", "r2:1", "green", [ "v0" ] ],
    [ "r2:2", "pico:GND.7", "green", [ "h0" ] ]
  ],
  "dependencies": {}
}